Total Nacional;Comunidades y Ciudades Autónomas;Mes;Sexo;Total
Total Nacional;;Total;Total;450.687
Total Nacional;;Total;Hombres;231.447
Total Nacional;;Total;Mujeres;219.240
Total Nacional;;Enero;Total;52.147
Total Nacional;;Enero;Hombres;26.902
Total Nacional;;Enero;Mujeres;25.245
Total Nacional;;Febrero;Total;40.542
Total Nacional;;Febrero;Hombres;21.260
Total Nacional;;Febrero;Mujeres;19.282
Total Nacional;;Marzo;Total;36.864
Total Nacional;;Marzo;Hombres;19.447
Total Nacional;;Marzo;Mujeres;17.417
Total Nacional;;Abril;Total;34.494
Total Nacional;;Abril;Hombres;17.711
Total Nacional;;Abril;Mujeres;16.783
Total Nacional;;Mayo;Total;34.200
Total Nacional;;Mayo;Hombres;17.643
Total Nacional;;Mayo;Mujeres;16.557
Total Nacional;;Junio;Total;32.376
Total Nacional;;Junio;Hombres;16.396
Total Nacional;;Junio;Mujeres;15.980
Total Nacional;;Julio;Total;35.300
Total Nacional;;Julio;Hombres;18.024
Total Nacional;;Julio;Mujeres;17.276
Total Nacional;;Agosto;Total;38.126
Total Nacional;;Agosto;Hombres;19.405
Total Nacional;;Agosto;Mujeres;18.721
Total Nacional;;Septiembre;Total;32.803
Total Nacional;;Septiembre;Hombres;16.857
Total Nacional;;Septiembre;Mujeres;15.946
Total Nacional;;Octubre;Total;34.516
Total Nacional;;Octubre;Hombres;17.575
Total Nacional;;Octubre;Mujeres;16.941
Total Nacional;;Noviembre;Total;36.968
Total Nacional;;Noviembre;Hombres;18.650
Total Nacional;;Noviembre;Mujeres;18.318
Total Nacional;;Diciembre;Total;42.351
Total Nacional;;Diciembre;Hombres;21.577
Total Nacional;;Diciembre;Mujeres;20.774
Total Nacional;01 Andalucía;Total;Total;79.498
Total Nacional;01 Andalucía;Total;Hombres;41.065
Total Nacional;01 Andalucía;Total;Mujeres;38.433
Total Nacional;01 Andalucía;Enero;Total;9.238
Total Nacional;01 Andalucía;Enero;Hombres;4.769
Total Nacional;01 Andalucía;Enero;Mujeres;4.469
Total Nacional;01 Andalucía;Febrero;Total;7.615
Total Nacional;01 Andalucía;Febrero;Hombres;4.030
Total Nacional;01 Andalucía;Febrero;Mujeres;3.585
Total Nacional;01 Andalucía;Marzo;Total;6.688
Total Nacional;01 Andalucía;Marzo;Hombres;3.566
Total Nacional;01 Andalucía;Marzo;Mujeres;3.122
Total Nacional;01 Andalucía;Abril;Total;5.963
Total Nacional;01 Andalucía;Abril;Hombres;2.997
Total Nacional;01 Andalucía;Abril;Mujeres;2.966
Total Nacional;01 Andalucía;Mayo;Total;6.043
Total Nacional;01 Andalucía;Mayo;Hombres;3.122
Total Nacional;01 Andalucía;Mayo;Mujeres;2.921
Total Nacional;01 Andalucía;Junio;Total;5.528
Total Nacional;01 Andalucía;Junio;Hombres;2.794
Total Nacional;01 Andalucía;Junio;Mujeres;2.734
Total Nacional;01 Andalucía;Julio;Total;6.206
Total Nacional;01 Andalucía;Julio;Hombres;3.174
Total Nacional;01 Andalucía;Julio;Mujeres;3.032
Total Nacional;01 Andalucía;Agosto;Total;6.860
Total Nacional;01 Andalucía;Agosto;Hombres;3.514
Total Nacional;01 Andalucía;Agosto;Mujeres;3.346
Total Nacional;01 Andalucía;Septiembre;Total;5.687
Total Nacional;01 Andalucía;Septiembre;Hombres;3.008
Total Nacional;01 Andalucía;Septiembre;Mujeres;2.679
Total Nacional;01 Andalucía;Octubre;Total;5.923
Total Nacional;01 Andalucía;Octubre;Hombres;3.066
Total Nacional;01 Andalucía;Octubre;Mujeres;2.857
Total Nacional;01 Andalucía;Noviembre;Total;6.359
Total Nacional;01 Andalucía;Noviembre;Hombres;3.284
Total Nacional;01 Andalucía;Noviembre;Mujeres;3.075
Total Nacional;01 Andalucía;Diciembre;Total;7.388
Total Nacional;01 Andalucía;Diciembre;Hombres;3.741
Total Nacional;01 Andalucía;Diciembre;Mujeres;3.647
Total Nacional;02 Aragón;Total;Total;14.485
Total Nacional;02 Aragón;Total;Hombres;7.370
Total Nacional;02 Aragón;Total;Mujeres;7.115
Total Nacional;02 Aragón;Enero;Total;1.524
Total Nacional;02 Aragón;Enero;Hombres;753
Total Nacional;02 Aragón;Enero;Mujeres;771
Total Nacional;02 Aragón;Febrero;Total;1.267
Total Nacional;02 Aragón;Febrero;Hombres;671
Total Nacional;02 Aragón;Febrero;Mujeres;596
Total Nacional;02 Aragón;Marzo;Total;1.183
Total Nacional;02 Aragón;Marzo;Hombres;649
Total Nacional;02 Aragón;Marzo;Mujeres;534
Total Nacional;02 Aragón;Abril;Total;1.197
Total Nacional;02 Aragón;Abril;Hombres;630
Total Nacional;02 Aragón;Abril;Mujeres;567
Total Nacional;02 Aragón;Mayo;Total;1.122
Total Nacional;02 Aragón;Mayo;Hombres;585
Total Nacional;02 Aragón;Mayo;Mujeres;537
Total Nacional;02 Aragón;Junio;Total;1.042
Total Nacional;02 Aragón;Junio;Hombres;529
Total Nacional;02 Aragón;Junio;Mujeres;513
Total Nacional;02 Aragón;Julio;Total;1.195
Total Nacional;02 Aragón;Julio;Hombres;578
Total Nacional;02 Aragón;Julio;Mujeres;617
Total Nacional;02 Aragón;Agosto;Total;1.212
Total Nacional;02 Aragón;Agosto;Hombres;604
Total Nacional;02 Aragón;Agosto;Mujeres;608
Total Nacional;02 Aragón;Septiembre;Total;1.068
Total Nacional;02 Aragón;Septiembre;Hombres;536
Total Nacional;02 Aragón;Septiembre;Mujeres;532
Total Nacional;02 Aragón;Octubre;Total;1.167
Total Nacional;02 Aragón;Octubre;Hombres;583
Total Nacional;02 Aragón;Octubre;Mujeres;584
Total Nacional;02 Aragón;Noviembre;Total;1.163
Total Nacional;02 Aragón;Noviembre;Hombres;556
Total Nacional;02 Aragón;Noviembre;Mujeres;607
Total Nacional;02 Aragón;Diciembre;Total;1.345
Total Nacional;02 Aragón;Diciembre;Hombres;696
Total Nacional;02 Aragón;Diciembre;Mujeres;649
Total Nacional;03 Asturias, Principado de;Total;Total;13.366
Total Nacional;03 Asturias, Principado de;Total;Hombres;6.453
Total Nacional;03 Asturias, Principado de;Total;Mujeres;6.913
Total Nacional;03 Asturias, Principado de;Enero;Total;1.489
Total Nacional;03 Asturias, Principado de;Enero;Hombres;741
Total Nacional;03 Asturias, Principado de;Enero;Mujeres;748
Total Nacional;03 Asturias, Principado de;Febrero;Total;1.159
Total Nacional;03 Asturias, Principado de;Febrero;Hombres;550
Total Nacional;03 Asturias, Principado de;Febrero;Mujeres;609
Total Nacional;03 Asturias, Principado de;Marzo;Total;1.151
Total Nacional;03 Asturias, Principado de;Marzo;Hombres;568
Total Nacional;03 Asturias, Principado de;Marzo;Mujeres;583
Total Nacional;03 Asturias, Principado de;Abril;Total;1.038
Total Nacional;03 Asturias, Principado de;Abril;Hombres;495
Total Nacional;03 Asturias, Principado de;Abril;Mujeres;543
Total Nacional;03 Asturias, Principado de;Mayo;Total;1.039
Total Nacional;03 Asturias, Principado de;Mayo;Hombres;484
Total Nacional;03 Asturias, Principado de;Mayo;Mujeres;555
Total Nacional;03 Asturias, Principado de;Junio;Total;962
Total Nacional;03 Asturias, Principado de;Junio;Hombres;472
Total Nacional;03 Asturias, Principado de;Junio;Mujeres;490
Total Nacional;03 Asturias, Principado de;Julio;Total;976
Total Nacional;03 Asturias, Principado de;Julio;Hombres;498
Total Nacional;03 Asturias, Principado de;Julio;Mujeres;478
Total Nacional;03 Asturias, Principado de;Agosto;Total;1.039
Total Nacional;03 Asturias, Principado de;Agosto;Hombres;497
Total Nacional;03 Asturias, Principado de;Agosto;Mujeres;542
Total Nacional;03 Asturias, Principado de;Septiembre;Total;961
Total Nacional;03 Asturias, Principado de;Septiembre;Hombres;465
Total Nacional;03 Asturias, Principado de;Septiembre;Mujeres;496
Total Nacional;03 Asturias, Principado de;Octubre;Total;1.118
Total Nacional;03 Asturias, Principado de;Octubre;Hombres;526
Total Nacional;03 Asturias, Principado de;Octubre;Mujeres;592
Total Nacional;03 Asturias, Principado de;Noviembre;Total;1.119
Total Nacional;03 Asturias, Principado de;Noviembre;Hombres;523
Total Nacional;03 Asturias, Principado de;Noviembre;Mujeres;596
Total Nacional;03 Asturias, Principado de;Diciembre;Total;1.315
Total Nacional;03 Asturias, Principado de;Diciembre;Hombres;634
Total Nacional;03 Asturias, Principado de;Diciembre;Mujeres;681
Total Nacional;04 Balears, Illes;Total;Total;8.828
Total Nacional;04 Balears, Illes;Total;Hombres;4.648
Total Nacional;04 Balears, Illes;Total;Mujeres;4.180
Total Nacional;04 Balears, Illes;Enero;Total;984
Total Nacional;04 Balears, Illes;Enero;Hombres;510
Total Nacional;04 Balears, Illes;Enero;Mujeres;474
Total Nacional;04 Balears, Illes;Febrero;Total;715
Total Nacional;04 Balears, Illes;Febrero;Hombres;366
Total Nacional;04 Balears, Illes;Febrero;Mujeres;349
Total Nacional;04 Balears, Illes;Marzo;Total;727
Total Nacional;04 Balears, Illes;Marzo;Hombres;384
Total Nacional;04 Balears, Illes;Marzo;Mujeres;343
Total Nacional;04 Balears, Illes;Abril;Total;652
Total Nacional;04 Balears, Illes;Abril;Hombres;362
Total Nacional;04 Balears, Illes;Abril;Mujeres;290
Total Nacional;04 Balears, Illes;Mayo;Total;642
Total Nacional;04 Balears, Illes;Mayo;Hombres;327
Total Nacional;04 Balears, Illes;Mayo;Mujeres;315
Total Nacional;04 Balears, Illes;Junio;Total;644
Total Nacional;04 Balears, Illes;Junio;Hombres;334
Total Nacional;04 Balears, Illes;Junio;Mujeres;310
Total Nacional;04 Balears, Illes;Julio;Total;689
Total Nacional;04 Balears, Illes;Julio;Hombres;370
Total Nacional;04 Balears, Illes;Julio;Mujeres;319
Total Nacional;04 Balears, Illes;Agosto;Total;795
Total Nacional;04 Balears, Illes;Agosto;Hombres;409
Total Nacional;04 Balears, Illes;Agosto;Mujeres;386
Total Nacional;04 Balears, Illes;Septiembre;Total;683
Total Nacional;04 Balears, Illes;Septiembre;Hombres;369
Total Nacional;04 Balears, Illes;Septiembre;Mujeres;314
Total Nacional;04 Balears, Illes;Octubre;Total;702
Total Nacional;04 Balears, Illes;Octubre;Hombres;405
Total Nacional;04 Balears, Illes;Octubre;Mujeres;297
Total Nacional;04 Balears, Illes;Noviembre;Total;714
Total Nacional;04 Balears, Illes;Noviembre;Hombres;366
Total Nacional;04 Balears, Illes;Noviembre;Mujeres;348
Total Nacional;04 Balears, Illes;Diciembre;Total;881
Total Nacional;04 Balears, Illes;Diciembre;Hombres;446
Total Nacional;04 Balears, Illes;Diciembre;Mujeres;435
Total Nacional;05 Canarias;Total;Total;17.178
Total Nacional;05 Canarias;Total;Hombres;9.169
Total Nacional;05 Canarias;Total;Mujeres;8.009
Total Nacional;05 Canarias;Enero;Total;1.555
Total Nacional;05 Canarias;Enero;Hombres;861
Total Nacional;05 Canarias;Enero;Mujeres;694
Total Nacional;05 Canarias;Febrero;Total;1.364
Total Nacional;05 Canarias;Febrero;Hombres;751
Total Nacional;05 Canarias;Febrero;Mujeres;613
Total Nacional;05 Canarias;Marzo;Total;1.480
Total Nacional;05 Canarias;Marzo;Hombres;783
Total Nacional;05 Canarias;Marzo;Mujeres;697
Total Nacional;05 Canarias;Abril;Total;1.433
Total Nacional;05 Canarias;Abril;Hombres;773
Total Nacional;05 Canarias;Abril;Mujeres;660
Total Nacional;05 Canarias;Mayo;Total;1.289
Total Nacional;05 Canarias;Mayo;Hombres;689
Total Nacional;05 Canarias;Mayo;Mujeres;600
Total Nacional;05 Canarias;Junio;Total;1.282
Total Nacional;05 Canarias;Junio;Hombres;697
Total Nacional;05 Canarias;Junio;Mujeres;585
Total Nacional;05 Canarias;Julio;Total;1.350
Total Nacional;05 Canarias;Julio;Hombres;707
Total Nacional;05 Canarias;Julio;Mujeres;643
Total Nacional;05 Canarias;Agosto;Total;1.566
Total Nacional;05 Canarias;Agosto;Hombres;829
Total Nacional;05 Canarias;Agosto;Mujeres;737
Total Nacional;05 Canarias;Septiembre;Total;1.387
Total Nacional;05 Canarias;Septiembre;Hombres;699
Total Nacional;05 Canarias;Septiembre;Mujeres;688
Total Nacional;05 Canarias;Octubre;Total;1.353
Total Nacional;05 Canarias;Octubre;Hombres;719
Total Nacional;05 Canarias;Octubre;Mujeres;634
Total Nacional;05 Canarias;Noviembre;Total;1.472
Total Nacional;05 Canarias;Noviembre;Hombres;767
Total Nacional;05 Canarias;Noviembre;Mujeres;705
Total Nacional;05 Canarias;Diciembre;Total;1.647
Total Nacional;05 Canarias;Diciembre;Hombres;894
Total Nacional;05 Canarias;Diciembre;Mujeres;753
Total Nacional;06 Cantabria;Total;Total;6.051
Total Nacional;06 Cantabria;Total;Hombres;3.079
Total Nacional;06 Cantabria;Total;Mujeres;2.972
Total Nacional;06 Cantabria;Enero;Total;576
Total Nacional;06 Cantabria;Enero;Hombres;309
Total Nacional;06 Cantabria;Enero;Mujeres;267
Total Nacional;06 Cantabria;Febrero;Total;486
Total Nacional;06 Cantabria;Febrero;Hombres;232
Total Nacional;06 Cantabria;Febrero;Mujeres;254
Total Nacional;06 Cantabria;Marzo;Total;509
Total Nacional;06 Cantabria;Marzo;Hombres;273
Total Nacional;06 Cantabria;Marzo;Mujeres;236
Total Nacional;06 Cantabria;Abril;Total;502
Total Nacional;06 Cantabria;Abril;Hombres;244
Total Nacional;06 Cantabria;Abril;Mujeres;258
Total Nacional;06 Cantabria;Mayo;Total;480
Total Nacional;06 Cantabria;Mayo;Hombres;237
Total Nacional;06 Cantabria;Mayo;Mujeres;243
Total Nacional;06 Cantabria;Junio;Total;446
Total Nacional;06 Cantabria;Junio;Hombres;214
Total Nacional;06 Cantabria;Junio;Mujeres;232
Total Nacional;06 Cantabria;Julio;Total;484
Total Nacional;06 Cantabria;Julio;Hombres;256
Total Nacional;06 Cantabria;Julio;Mujeres;228
Total Nacional;06 Cantabria;Agosto;Total;448
Total Nacional;06 Cantabria;Agosto;Hombres;227
Total Nacional;06 Cantabria;Agosto;Mujeres;221
Total Nacional;06 Cantabria;Septiembre;Total;510
Total Nacional;06 Cantabria;Septiembre;Hombres;276
Total Nacional;06 Cantabria;Septiembre;Mujeres;234
Total Nacional;06 Cantabria;Octubre;Total;504
Total Nacional;06 Cantabria;Octubre;Hombres;256
Total Nacional;06 Cantabria;Octubre;Mujeres;248
Total Nacional;06 Cantabria;Noviembre;Total;518
Total Nacional;06 Cantabria;Noviembre;Hombres;240
Total Nacional;06 Cantabria;Noviembre;Mujeres;278
Total Nacional;06 Cantabria;Diciembre;Total;588
Total Nacional;06 Cantabria;Diciembre;Hombres;315
Total Nacional;06 Cantabria;Diciembre;Mujeres;273
Total Nacional;07 Castilla y León;Total;Total;29.289
Total Nacional;07 Castilla y León;Total;Hombres;15.170
Total Nacional;07 Castilla y León;Total;Mujeres;14.119
Total Nacional;07 Castilla y León;Enero;Total;3.174
Total Nacional;07 Castilla y León;Enero;Hombres;1.671
Total Nacional;07 Castilla y León;Enero;Mujeres;1.503
Total Nacional;07 Castilla y León;Febrero;Total;2.781
Total Nacional;07 Castilla y León;Febrero;Hombres;1.494
Total Nacional;07 Castilla y León;Febrero;Mujeres;1.287
Total Nacional;07 Castilla y León;Marzo;Total;2.359
Total Nacional;07 Castilla y León;Marzo;Hombres;1.264
Total Nacional;07 Castilla y León;Marzo;Mujeres;1.095
Total Nacional;07 Castilla y León;Abril;Total;2.286
Total Nacional;07 Castilla y León;Abril;Hombres;1.181
Total Nacional;07 Castilla y León;Abril;Mujeres;1.105
Total Nacional;07 Castilla y León;Mayo;Total;2.196
Total Nacional;07 Castilla y León;Mayo;Hombres;1.119
Total Nacional;07 Castilla y León;Mayo;Mujeres;1.077
Total Nacional;07 Castilla y León;Junio;Total;2.022
Total Nacional;07 Castilla y León;Junio;Hombres;1.021
Total Nacional;07 Castilla y León;Junio;Mujeres;1.001
Total Nacional;07 Castilla y León;Julio;Total;2.341
Total Nacional;07 Castilla y León;Julio;Hombres;1.191
Total Nacional;07 Castilla y León;Julio;Mujeres;1.150
Total Nacional;07 Castilla y León;Agosto;Total;2.524
Total Nacional;07 Castilla y León;Agosto;Hombres;1.292
Total Nacional;07 Castilla y León;Agosto;Mujeres;1.232
Total Nacional;07 Castilla y León;Septiembre;Total;2.119
Total Nacional;07 Castilla y León;Septiembre;Hombres;1.107
Total Nacional;07 Castilla y León;Septiembre;Mujeres;1.012
Total Nacional;07 Castilla y León;Octubre;Total;2.375
Total Nacional;07 Castilla y León;Octubre;Hombres;1.221
Total Nacional;07 Castilla y León;Octubre;Mujeres;1.154
Total Nacional;07 Castilla y León;Noviembre;Total;2.418
Total Nacional;07 Castilla y León;Noviembre;Hombres;1.249
Total Nacional;07 Castilla y León;Noviembre;Mujeres;1.169
Total Nacional;07 Castilla y León;Diciembre;Total;2.694
Total Nacional;07 Castilla y León;Diciembre;Hombres;1.360
Total Nacional;07 Castilla y León;Diciembre;Mujeres;1.334
Total Nacional;08 Castilla - La Mancha;Total;Total;20.418
Total Nacional;08 Castilla - La Mancha;Total;Hombres;10.639
Total Nacional;08 Castilla - La Mancha;Total;Mujeres;9.779
Total Nacional;08 Castilla - La Mancha;Enero;Total;2.534
Total Nacional;08 Castilla - La Mancha;Enero;Hombres;1.296
Total Nacional;08 Castilla - La Mancha;Enero;Mujeres;1.238
Total Nacional;08 Castilla - La Mancha;Febrero;Total;1.870
Total Nacional;08 Castilla - La Mancha;Febrero;Hombres;1.003
Total Nacional;08 Castilla - La Mancha;Febrero;Mujeres;867
Total Nacional;08 Castilla - La Mancha;Marzo;Total;1.551
Total Nacional;08 Castilla - La Mancha;Marzo;Hombres;807
Total Nacional;08 Castilla - La Mancha;Marzo;Mujeres;744
Total Nacional;08 Castilla - La Mancha;Abril;Total;1.471
Total Nacional;08 Castilla - La Mancha;Abril;Hombres;769
Total Nacional;08 Castilla - La Mancha;Abril;Mujeres;702
Total Nacional;08 Castilla - La Mancha;Mayo;Total;1.555
Total Nacional;08 Castilla - La Mancha;Mayo;Hombres;834
Total Nacional;08 Castilla - La Mancha;Mayo;Mujeres;721
Total Nacional;08 Castilla - La Mancha;Junio;Total;1.498
Total Nacional;08 Castilla - La Mancha;Junio;Hombres;768
Total Nacional;08 Castilla - La Mancha;Junio;Mujeres;730
Total Nacional;08 Castilla - La Mancha;Julio;Total;1.701
Total Nacional;08 Castilla - La Mancha;Julio;Hombres;878
Total Nacional;08 Castilla - La Mancha;Julio;Mujeres;823
Total Nacional;08 Castilla - La Mancha;Agosto;Total;1.823
Total Nacional;08 Castilla - La Mancha;Agosto;Hombres;946
Total Nacional;08 Castilla - La Mancha;Agosto;Mujeres;877
Total Nacional;08 Castilla - La Mancha;Septiembre;Total;1.426
Total Nacional;08 Castilla - La Mancha;Septiembre;Hombres;731
Total Nacional;08 Castilla - La Mancha;Septiembre;Mujeres;695
Total Nacional;08 Castilla - La Mancha;Octubre;Total;1.545
Total Nacional;08 Castilla - La Mancha;Octubre;Hombres;819
Total Nacional;08 Castilla - La Mancha;Octubre;Mujeres;726
Total Nacional;08 Castilla - La Mancha;Noviembre;Total;1.655
Total Nacional;08 Castilla - La Mancha;Noviembre;Hombres;849
Total Nacional;08 Castilla - La Mancha;Noviembre;Mujeres;806
Total Nacional;08 Castilla - La Mancha;Diciembre;Total;1.789
Total Nacional;08 Castilla - La Mancha;Diciembre;Hombres;939
Total Nacional;08 Castilla - La Mancha;Diciembre;Mujeres;850
Total Nacional;09 Cataluña;Total;Total;69.366
Total Nacional;09 Cataluña;Total;Hombres;35.398
Total Nacional;09 Cataluña;Total;Mujeres;33.968
Total Nacional;09 Cataluña;Enero;Total;7.823
Total Nacional;09 Cataluña;Enero;Hombres;4.003
Total Nacional;09 Cataluña;Enero;Mujeres;3.820
Total Nacional;09 Cataluña;Febrero;Total;5.970
Total Nacional;09 Cataluña;Febrero;Hombres;3.122
Total Nacional;09 Cataluña;Febrero;Mujeres;2.848
Total Nacional;09 Cataluña;Marzo;Total;5.673
Total Nacional;09 Cataluña;Marzo;Hombres;2.980
Total Nacional;09 Cataluña;Marzo;Mujeres;2.693
Total Nacional;09 Cataluña;Abril;Total;5.459
Total Nacional;09 Cataluña;Abril;Hombres;2.812
Total Nacional;09 Cataluña;Abril;Mujeres;2.647
Total Nacional;09 Cataluña;Mayo;Total;5.297
Total Nacional;09 Cataluña;Mayo;Hombres;2.755
Total Nacional;09 Cataluña;Mayo;Mujeres;2.542
Total Nacional;09 Cataluña;Junio;Total;5.193
Total Nacional;09 Cataluña;Junio;Hombres;2.586
Total Nacional;09 Cataluña;Junio;Mujeres;2.607
Total Nacional;09 Cataluña;Julio;Total;5.586
Total Nacional;09 Cataluña;Julio;Hombres;2.842
Total Nacional;09 Cataluña;Julio;Mujeres;2.744
Total Nacional;09 Cataluña;Agosto;Total;5.758
Total Nacional;09 Cataluña;Agosto;Hombres;2.947
Total Nacional;09 Cataluña;Agosto;Mujeres;2.811
Total Nacional;09 Cataluña;Septiembre;Total;4.882
Total Nacional;09 Cataluña;Septiembre;Hombres;2.445
Total Nacional;09 Cataluña;Septiembre;Mujeres;2.437
Total Nacional;09 Cataluña;Octubre;Total;5.294
Total Nacional;09 Cataluña;Octubre;Hombres;2.688
Total Nacional;09 Cataluña;Octubre;Mujeres;2.606
Total Nacional;09 Cataluña;Noviembre;Total;5.713
Total Nacional;09 Cataluña;Noviembre;Hombres;2.836
Total Nacional;09 Cataluña;Noviembre;Mujeres;2.877
Total Nacional;09 Cataluña;Diciembre;Total;6.718
Total Nacional;09 Cataluña;Diciembre;Hombres;3.382
Total Nacional;09 Cataluña;Diciembre;Mujeres;3.336
Total Nacional;10 Comunitat Valenciana;Total;Total;49.733
Total Nacional;10 Comunitat Valenciana;Total;Hombres;25.917
Total Nacional;10 Comunitat Valenciana;Total;Mujeres;23.816
Total Nacional;10 Comunitat Valenciana;Enero;Total;7.484
Total Nacional;10 Comunitat Valenciana;Enero;Hombres;3.916
Total Nacional;10 Comunitat Valenciana;Enero;Mujeres;3.568
Total Nacional;10 Comunitat Valenciana;Febrero;Total;4.826
Total Nacional;10 Comunitat Valenciana;Febrero;Hombres;2.518
Total Nacional;10 Comunitat Valenciana;Febrero;Mujeres;2.308
Total Nacional;10 Comunitat Valenciana;Marzo;Total;3.783
Total Nacional;10 Comunitat Valenciana;Marzo;Hombres;2.011
Total Nacional;10 Comunitat Valenciana;Marzo;Mujeres;1.772
Total Nacional;10 Comunitat Valenciana;Abril;Total;3.405
Total Nacional;10 Comunitat Valenciana;Abril;Hombres;1.769
Total Nacional;10 Comunitat Valenciana;Abril;Mujeres;1.636
Total Nacional;10 Comunitat Valenciana;Mayo;Total;3.479
Total Nacional;10 Comunitat Valenciana;Mayo;Hombres;1.849
Total Nacional;10 Comunitat Valenciana;Mayo;Mujeres;1.630
Total Nacional;10 Comunitat Valenciana;Junio;Total;3.370
Total Nacional;10 Comunitat Valenciana;Junio;Hombres;1.720
Total Nacional;10 Comunitat Valenciana;Junio;Mujeres;1.650
Total Nacional;10 Comunitat Valenciana;Julio;Total;3.781
Total Nacional;10 Comunitat Valenciana;Julio;Hombres;1.951
Total Nacional;10 Comunitat Valenciana;Julio;Mujeres;1.830
Total Nacional;10 Comunitat Valenciana;Agosto;Total;3.960
Total Nacional;10 Comunitat Valenciana;Agosto;Hombres;2.043
Total Nacional;10 Comunitat Valenciana;Agosto;Mujeres;1.917
Total Nacional;10 Comunitat Valenciana;Septiembre;Total;3.429
Total Nacional;10 Comunitat Valenciana;Septiembre;Hombres;1.765
Total Nacional;10 Comunitat Valenciana;Septiembre;Mujeres;1.664
Total Nacional;10 Comunitat Valenciana;Octubre;Total;3.512
Total Nacional;10 Comunitat Valenciana;Octubre;Hombres;1.802
Total Nacional;10 Comunitat Valenciana;Octubre;Mujeres;1.710
Total Nacional;10 Comunitat Valenciana;Noviembre;Total;4.071
Total Nacional;10 Comunitat Valenciana;Noviembre;Hombres;2.145
Total Nacional;10 Comunitat Valenciana;Noviembre;Mujeres;1.926
Total Nacional;10 Comunitat Valenciana;Diciembre;Total;4.633
Total Nacional;10 Comunitat Valenciana;Diciembre;Hombres;2.428
Total Nacional;10 Comunitat Valenciana;Diciembre;Mujeres;2.205
Total Nacional;11 Extremadura;Total;Total;12.333
Total Nacional;11 Extremadura;Total;Hombres;6.350
Total Nacional;11 Extremadura;Total;Mujeres;5.983
Total Nacional;11 Extremadura;Enero;Total;1.620
Total Nacional;11 Extremadura;Enero;Hombres;809
Total Nacional;11 Extremadura;Enero;Mujeres;811
Total Nacional;11 Extremadura;Febrero;Total;1.124
Total Nacional;11 Extremadura;Febrero;Hombres;616
Total Nacional;11 Extremadura;Febrero;Mujeres;508
Total Nacional;11 Extremadura;Marzo;Total;943
Total Nacional;11 Extremadura;Marzo;Hombres;480
Total Nacional;11 Extremadura;Marzo;Mujeres;463
Total Nacional;11 Extremadura;Abril;Total;907
Total Nacional;11 Extremadura;Abril;Hombres;461
Total Nacional;11 Extremadura;Abril;Mujeres;446
Total Nacional;11 Extremadura;Mayo;Total;880
Total Nacional;11 Extremadura;Mayo;Hombres;459
Total Nacional;11 Extremadura;Mayo;Mujeres;421
Total Nacional;11 Extremadura;Junio;Total;850
Total Nacional;11 Extremadura;Junio;Hombres;431
Total Nacional;11 Extremadura;Junio;Mujeres;419
Total Nacional;11 Extremadura;Julio;Total;963
Total Nacional;11 Extremadura;Julio;Hombres;514
Total Nacional;11 Extremadura;Julio;Mujeres;449
Total Nacional;11 Extremadura;Agosto;Total;1.039
Total Nacional;11 Extremadura;Agosto;Hombres;523
Total Nacional;11 Extremadura;Agosto;Mujeres;516
Total Nacional;11 Extremadura;Septiembre;Total;954
Total Nacional;11 Extremadura;Septiembre;Hombres;524
Total Nacional;11 Extremadura;Septiembre;Mujeres;430
Total Nacional;11 Extremadura;Octubre;Total;919
Total Nacional;11 Extremadura;Octubre;Hombres;468
Total Nacional;11 Extremadura;Octubre;Mujeres;451
Total Nacional;11 Extremadura;Noviembre;Total;990
Total Nacional;11 Extremadura;Noviembre;Hombres;481
Total Nacional;11 Extremadura;Noviembre;Mujeres;509
Total Nacional;11 Extremadura;Diciembre;Total;1.144
Total Nacional;11 Extremadura;Diciembre;Hombres;584
Total Nacional;11 Extremadura;Diciembre;Mujeres;560
Total Nacional;12 Galicia;Total;Total;32.841
Total Nacional;12 Galicia;Total;Hombres;16.586
Total Nacional;12 Galicia;Total;Mujeres;16.255
Total Nacional;12 Galicia;Enero;Total;3.519
Total Nacional;12 Galicia;Enero;Hombres;1.805
Total Nacional;12 Galicia;Enero;Mujeres;1.714
Total Nacional;12 Galicia;Febrero;Total;2.779
Total Nacional;12 Galicia;Febrero;Hombres;1.415
Total Nacional;12 Galicia;Febrero;Mujeres;1.364
Total Nacional;12 Galicia;Marzo;Total;2.794
Total Nacional;12 Galicia;Marzo;Hombres;1.477
Total Nacional;12 Galicia;Marzo;Mujeres;1.317
Total Nacional;12 Galicia;Abril;Total;2.619
Total Nacional;12 Galicia;Abril;Hombres;1.294
Total Nacional;12 Galicia;Abril;Mujeres;1.325
Total Nacional;12 Galicia;Mayo;Total;2.584
Total Nacional;12 Galicia;Mayo;Hombres;1.276
Total Nacional;12 Galicia;Mayo;Mujeres;1.308
Total Nacional;12 Galicia;Junio;Total;2.450
Total Nacional;12 Galicia;Junio;Hombres;1.255
Total Nacional;12 Galicia;Junio;Mujeres;1.195
Total Nacional;12 Galicia;Julio;Total;2.575
Total Nacional;12 Galicia;Julio;Hombres;1.301
Total Nacional;12 Galicia;Julio;Mujeres;1.274
Total Nacional;12 Galicia;Agosto;Total;2.626
Total Nacional;12 Galicia;Agosto;Hombres;1.341
Total Nacional;12 Galicia;Agosto;Mujeres;1.285
Total Nacional;12 Galicia;Septiembre;Total;2.437
Total Nacional;12 Galicia;Septiembre;Hombres;1.226
Total Nacional;12 Galicia;Septiembre;Mujeres;1.211
Total Nacional;12 Galicia;Octubre;Total;2.527
Total Nacional;12 Galicia;Octubre;Hombres;1.248
Total Nacional;12 Galicia;Octubre;Mujeres;1.279
Total Nacional;12 Galicia;Noviembre;Total;2.853
Total Nacional;12 Galicia;Noviembre;Hombres;1.405
Total Nacional;12 Galicia;Noviembre;Mujeres;1.448
Total Nacional;12 Galicia;Diciembre;Total;3.078
Total Nacional;12 Galicia;Diciembre;Hombres;1.543
Total Nacional;12 Galicia;Diciembre;Mujeres;1.535
Total Nacional;13 Madrid, Comunidad de;Total;Total;49.848
Total Nacional;13 Madrid, Comunidad de;Total;Hombres;25.171
Total Nacional;13 Madrid, Comunidad de;Total;Mujeres;24.677
Total Nacional;13 Madrid, Comunidad de;Enero;Total;5.625
Total Nacional;13 Madrid, Comunidad de;Enero;Hombres;2.901
Total Nacional;13 Madrid, Comunidad de;Enero;Mujeres;2.724
Total Nacional;13 Madrid, Comunidad de;Febrero;Total;4.585
Total Nacional;13 Madrid, Comunidad de;Febrero;Hombres;2.411
Total Nacional;13 Madrid, Comunidad de;Febrero;Mujeres;2.174
Total Nacional;13 Madrid, Comunidad de;Marzo;Total;4.254
Total Nacional;13 Madrid, Comunidad de;Marzo;Hombres;2.201
Total Nacional;13 Madrid, Comunidad de;Marzo;Mujeres;2.053
Total Nacional;13 Madrid, Comunidad de;Abril;Total;3.897
Total Nacional;13 Madrid, Comunidad de;Abril;Hombres;2.034
Total Nacional;13 Madrid, Comunidad de;Abril;Mujeres;1.863
Total Nacional;13 Madrid, Comunidad de;Mayo;Total;3.918
Total Nacional;13 Madrid, Comunidad de;Mayo;Hombres;2.003
Total Nacional;13 Madrid, Comunidad de;Mayo;Mujeres;1.915
Total Nacional;13 Madrid, Comunidad de;Junio;Total;3.561
Total Nacional;13 Madrid, Comunidad de;Junio;Hombres;1.791
Total Nacional;13 Madrid, Comunidad de;Junio;Mujeres;1.770
Total Nacional;13 Madrid, Comunidad de;Julio;Total;3.811
Total Nacional;13 Madrid, Comunidad de;Julio;Hombres;1.887
Total Nacional;13 Madrid, Comunidad de;Julio;Mujeres;1.924
Total Nacional;13 Madrid, Comunidad de;Agosto;Total;4.455
Total Nacional;13 Madrid, Comunidad de;Agosto;Hombres;2.178
Total Nacional;13 Madrid, Comunidad de;Agosto;Mujeres;2.277
Total Nacional;13 Madrid, Comunidad de;Septiembre;Total;3.646
Total Nacional;13 Madrid, Comunidad de;Septiembre;Hombres;1.819
Total Nacional;13 Madrid, Comunidad de;Septiembre;Mujeres;1.827
Total Nacional;13 Madrid, Comunidad de;Octubre;Total;3.706
Total Nacional;13 Madrid, Comunidad de;Octubre;Hombres;1.788
Total Nacional;13 Madrid, Comunidad de;Octubre;Mujeres;1.918
Total Nacional;13 Madrid, Comunidad de;Noviembre;Total;3.970
Total Nacional;13 Madrid, Comunidad de;Noviembre;Hombres;1.966
Total Nacional;13 Madrid, Comunidad de;Noviembre;Mujeres;2.004
Total Nacional;13 Madrid, Comunidad de;Diciembre;Total;4.420
Total Nacional;13 Madrid, Comunidad de;Diciembre;Hombres;2.192
Total Nacional;13 Madrid, Comunidad de;Diciembre;Mujeres;2.228
Total Nacional;14 Murcia, Región de;Total;Total;12.530
Total Nacional;14 Murcia, Región de;Total;Hombres;6.508
Total Nacional;14 Murcia, Región de;Total;Mujeres;6.022
Total Nacional;14 Murcia, Región de;Enero;Total;1.633
Total Nacional;14 Murcia, Región de;Enero;Hombres;849
Total Nacional;14 Murcia, Región de;Enero;Mujeres;784
Total Nacional;14 Murcia, Región de;Febrero;Total;1.134
Total Nacional;14 Murcia, Región de;Febrero;Hombres;604
Total Nacional;14 Murcia, Región de;Febrero;Mujeres;530
Total Nacional;14 Murcia, Región de;Marzo;Total;998
Total Nacional;14 Murcia, Región de;Marzo;Hombres;535
Total Nacional;14 Murcia, Región de;Marzo;Mujeres;463
Total Nacional;14 Murcia, Región de;Abril;Total;903
Total Nacional;14 Murcia, Región de;Abril;Hombres;467
Total Nacional;14 Murcia, Región de;Abril;Mujeres;436
Total Nacional;14 Murcia, Región de;Mayo;Total;943
Total Nacional;14 Murcia, Región de;Mayo;Hombres;482
Total Nacional;14 Murcia, Región de;Mayo;Mujeres;461
Total Nacional;14 Murcia, Región de;Junio;Total;921
Total Nacional;14 Murcia, Región de;Junio;Hombres;471
Total Nacional;14 Murcia, Región de;Junio;Mujeres;450
Total Nacional;14 Murcia, Región de;Julio;Total;942
Total Nacional;14 Murcia, Región de;Julio;Hombres;479
Total Nacional;14 Murcia, Región de;Julio;Mujeres;463
Total Nacional;14 Murcia, Región de;Agosto;Total;1.016
Total Nacional;14 Murcia, Región de;Agosto;Hombres;503
Total Nacional;14 Murcia, Región de;Agosto;Mujeres;513
Total Nacional;14 Murcia, Región de;Septiembre;Total;905
Total Nacional;14 Murcia, Región de;Septiembre;Hombres;495
Total Nacional;14 Murcia, Región de;Septiembre;Mujeres;410
Total Nacional;14 Murcia, Región de;Octubre;Total;924
Total Nacional;14 Murcia, Región de;Octubre;Hombres;476
Total Nacional;14 Murcia, Región de;Octubre;Mujeres;448
Total Nacional;14 Murcia, Región de;Noviembre;Total;941
Total Nacional;14 Murcia, Región de;Noviembre;Hombres;488
Total Nacional;14 Murcia, Región de;Noviembre;Mujeres;453
Total Nacional;14 Murcia, Región de;Diciembre;Total;1.270
Total Nacional;14 Murcia, Región de;Diciembre;Hombres;659
Total Nacional;14 Murcia, Región de;Diciembre;Mujeres;611
Total Nacional;15 Navarra, Comunidad Foral de;Total;Total;5.760
Total Nacional;15 Navarra, Comunidad Foral de;Total;Hombres;2.981
Total Nacional;15 Navarra, Comunidad Foral de;Total;Mujeres;2.779
Total Nacional;15 Navarra, Comunidad Foral de;Enero;Total;541
Total Nacional;15 Navarra, Comunidad Foral de;Enero;Hombres;287
Total Nacional;15 Navarra, Comunidad Foral de;Enero;Mujeres;254
Total Nacional;15 Navarra, Comunidad Foral de;Febrero;Total;450
Total Nacional;15 Navarra, Comunidad Foral de;Febrero;Hombres;248
Total Nacional;15 Navarra, Comunidad Foral de;Febrero;Mujeres;202
Total Nacional;15 Navarra, Comunidad Foral de;Marzo;Total;482
Total Nacional;15 Navarra, Comunidad Foral de;Marzo;Hombres;251
Total Nacional;15 Navarra, Comunidad Foral de;Marzo;Mujeres;231
Total Nacional;15 Navarra, Comunidad Foral de;Abril;Total;478
Total Nacional;15 Navarra, Comunidad Foral de;Abril;Hombres;252
Total Nacional;15 Navarra, Comunidad Foral de;Abril;Mujeres;226
Total Nacional;15 Navarra, Comunidad Foral de;Mayo;Total;457
Total Nacional;15 Navarra, Comunidad Foral de;Mayo;Hombres;256
Total Nacional;15 Navarra, Comunidad Foral de;Mayo;Mujeres;201
Total Nacional;15 Navarra, Comunidad Foral de;Junio;Total;413
Total Nacional;15 Navarra, Comunidad Foral de;Junio;Hombres;196
Total Nacional;15 Navarra, Comunidad Foral de;Junio;Mujeres;217
Total Nacional;15 Navarra, Comunidad Foral de;Julio;Total;444
Total Nacional;15 Navarra, Comunidad Foral de;Julio;Hombres;217
Total Nacional;15 Navarra, Comunidad Foral de;Julio;Mujeres;227
Total Nacional;15 Navarra, Comunidad Foral de;Agosto;Total;519
Total Nacional;15 Navarra, Comunidad Foral de;Agosto;Hombres;279
Total Nacional;15 Navarra, Comunidad Foral de;Agosto;Mujeres;240
Total Nacional;15 Navarra, Comunidad Foral de;Septiembre;Total;390
Total Nacional;15 Navarra, Comunidad Foral de;Septiembre;Hombres;199
Total Nacional;15 Navarra, Comunidad Foral de;Septiembre;Mujeres;191
Total Nacional;15 Navarra, Comunidad Foral de;Octubre;Total;509
Total Nacional;15 Navarra, Comunidad Foral de;Octubre;Hombres;255
Total Nacional;15 Navarra, Comunidad Foral de;Octubre;Mujeres;254
Total Nacional;15 Navarra, Comunidad Foral de;Noviembre;Total;502
Total Nacional;15 Navarra, Comunidad Foral de;Noviembre;Hombres;251
Total Nacional;15 Navarra, Comunidad Foral de;Noviembre;Mujeres;251
Total Nacional;15 Navarra, Comunidad Foral de;Diciembre;Total;575
Total Nacional;15 Navarra, Comunidad Foral de;Diciembre;Hombres;290
Total Nacional;15 Navarra, Comunidad Foral de;Diciembre;Mujeres;285
Total Nacional;16 País Vasco;Total;Total;23.082
Total Nacional;16 País Vasco;Total;Hombres;11.587
Total Nacional;16 País Vasco;Total;Mujeres;11.495
Total Nacional;16 País Vasco;Enero;Total;2.251
Total Nacional;16 País Vasco;Enero;Hombres;1.105
Total Nacional;16 País Vasco;Enero;Mujeres;1.146
Total Nacional;16 País Vasco;Febrero;Total;1.932
Total Nacional;16 País Vasco;Febrero;Hombres;981
Total Nacional;16 País Vasco;Febrero;Mujeres;951
Total Nacional;16 País Vasco;Marzo;Total;1.816
Total Nacional;16 País Vasco;Marzo;Hombres;948
Total Nacional;16 País Vasco;Marzo;Mujeres;868
Total Nacional;16 País Vasco;Abril;Total;1.830
Total Nacional;16 País Vasco;Abril;Hombres;929
Total Nacional;16 País Vasco;Abril;Mujeres;901
Total Nacional;16 País Vasco;Mayo;Total;1.849
Total Nacional;16 País Vasco;Mayo;Hombres;932
Total Nacional;16 País Vasco;Mayo;Mujeres;917
Total Nacional;16 País Vasco;Junio;Total;1.737
Total Nacional;16 País Vasco;Junio;Hombres;873
Total Nacional;16 País Vasco;Junio;Mujeres;864
Total Nacional;16 País Vasco;Julio;Total;1.783
Total Nacional;16 País Vasco;Julio;Hombres;921
Total Nacional;16 País Vasco;Julio;Mujeres;862
Total Nacional;16 País Vasco;Agosto;Total;1.937
Total Nacional;16 País Vasco;Agosto;Hombres;981
Total Nacional;16 País Vasco;Agosto;Mujeres;956
Total Nacional;16 País Vasco;Septiembre;Total;1.835
Total Nacional;16 País Vasco;Septiembre;Hombres;915
Total Nacional;16 País Vasco;Septiembre;Mujeres;920
Total Nacional;16 País Vasco;Octubre;Total;1.879
Total Nacional;16 País Vasco;Octubre;Hombres;940
Total Nacional;16 País Vasco;Octubre;Mujeres;939
Total Nacional;16 País Vasco;Noviembre;Total;1.965
Total Nacional;16 País Vasco;Noviembre;Hombres;939
Total Nacional;16 País Vasco;Noviembre;Mujeres;1.026
Total Nacional;16 País Vasco;Diciembre;Total;2.268
Total Nacional;16 País Vasco;Diciembre;Hombres;1.123
Total Nacional;16 País Vasco;Diciembre;Mujeres;1.145
Total Nacional;17 Rioja, La;Total;Total;3.409
Total Nacional;17 Rioja, La;Total;Hombres;1.742
Total Nacional;17 Rioja, La;Total;Mujeres;1.667
Total Nacional;17 Rioja, La;Enero;Total;369
Total Nacional;17 Rioja, La;Enero;Hombres;186
Total Nacional;17 Rioja, La;Enero;Mujeres;183
Total Nacional;17 Rioja, La;Febrero;Total;290
Total Nacional;17 Rioja, La;Febrero;Hombres;132
Total Nacional;17 Rioja, La;Febrero;Mujeres;158
Total Nacional;17 Rioja, La;Marzo;Total;292
Total Nacional;17 Rioja, La;Marzo;Hombres;156
Total Nacional;17 Rioja, La;Marzo;Mujeres;136
Total Nacional;17 Rioja, La;Abril;Total;272
Total Nacional;17 Rioja, La;Abril;Hombres;135
Total Nacional;17 Rioja, La;Abril;Mujeres;137
Total Nacional;17 Rioja, La;Mayo;Total;242
Total Nacional;17 Rioja, La;Mayo;Hombres;134
Total Nacional;17 Rioja, La;Mayo;Mujeres;108
Total Nacional;17 Rioja, La;Junio;Total;267
Total Nacional;17 Rioja, La;Junio;Hombres;132
Total Nacional;17 Rioja, La;Junio;Mujeres;135
Total Nacional;17 Rioja, La;Julio;Total;268
Total Nacional;17 Rioja, La;Julio;Hombres;145
Total Nacional;17 Rioja, La;Julio;Mujeres;123
Total Nacional;17 Rioja, La;Agosto;Total;276
Total Nacional;17 Rioja, La;Agosto;Hombres;133
Total Nacional;17 Rioja, La;Agosto;Mujeres;143
Total Nacional;17 Rioja, La;Septiembre;Total;251
Total Nacional;17 Rioja, La;Septiembre;Hombres;128
Total Nacional;17 Rioja, La;Septiembre;Mujeres;123
Total Nacional;17 Rioja, La;Octubre;Total;281
Total Nacional;17 Rioja, La;Octubre;Hombres;146
Total Nacional;17 Rioja, La;Octubre;Mujeres;135
Total Nacional;17 Rioja, La;Noviembre;Total;281
Total Nacional;17 Rioja, La;Noviembre;Hombres;126
Total Nacional;17 Rioja, La;Noviembre;Mujeres;155
Total Nacional;17 Rioja, La;Diciembre;Total;320
Total Nacional;17 Rioja, La;Diciembre;Hombres;189
Total Nacional;17 Rioja, La;Diciembre;Mujeres;131
Total Nacional;18 Ceuta;Total;Total;681
Total Nacional;18 Ceuta;Total;Hombres;354
Total Nacional;18 Ceuta;Total;Mujeres;327
Total Nacional;18 Ceuta;Enero;Total;74
Total Nacional;18 Ceuta;Enero;Hombres;44
Total Nacional;18 Ceuta;Enero;Mujeres;30
Total Nacional;18 Ceuta;Febrero;Total;66
Total Nacional;18 Ceuta;Febrero;Hombres;36
Total Nacional;18 Ceuta;Febrero;Mujeres;30
Total Nacional;18 Ceuta;Marzo;Total;66
Total Nacional;18 Ceuta;Marzo;Hombres;30
Total Nacional;18 Ceuta;Marzo;Mujeres;36
Total Nacional;18 Ceuta;Abril;Total;46
Total Nacional;18 Ceuta;Abril;Hombres;25
Total Nacional;18 Ceuta;Abril;Mujeres;21
Total Nacional;18 Ceuta;Mayo;Total;63
Total Nacional;18 Ceuta;Mayo;Hombres;31
Total Nacional;18 Ceuta;Mayo;Mujeres;32
Total Nacional;18 Ceuta;Junio;Total;46
Total Nacional;18 Ceuta;Junio;Hombres;25
Total Nacional;18 Ceuta;Junio;Mujeres;21
Total Nacional;18 Ceuta;Julio;Total;48
Total Nacional;18 Ceuta;Julio;Hombres;23
Total Nacional;18 Ceuta;Julio;Mujeres;25
Total Nacional;18 Ceuta;Agosto;Total;52
Total Nacional;18 Ceuta;Agosto;Hombres;26
Total Nacional;18 Ceuta;Agosto;Mujeres;26
Total Nacional;18 Ceuta;Septiembre;Total;50
Total Nacional;18 Ceuta;Septiembre;Hombres;30
Total Nacional;18 Ceuta;Septiembre;Mujeres;20
Total Nacional;18 Ceuta;Octubre;Total;50
Total Nacional;18 Ceuta;Octubre;Hombres;26
Total Nacional;18 Ceuta;Octubre;Mujeres;24
Total Nacional;18 Ceuta;Noviembre;Total;52
Total Nacional;18 Ceuta;Noviembre;Hombres;27
Total Nacional;18 Ceuta;Noviembre;Mujeres;25
Total Nacional;18 Ceuta;Diciembre;Total;68
Total Nacional;18 Ceuta;Diciembre;Hombres;31
Total Nacional;18 Ceuta;Diciembre;Mujeres;37
Total Nacional;19 Melilla;Total;Total;574
Total Nacional;19 Melilla;Total;Hombres;282
Total Nacional;19 Melilla;Total;Mujeres;292
Total Nacional;19 Melilla;Enero;Total;43
Total Nacional;19 Melilla;Enero;Hombres;22
Total Nacional;19 Melilla;Enero;Mujeres;21
Total Nacional;19 Melilla;Febrero;Total;65
Total Nacional;19 Melilla;Febrero;Hombres;32
Total Nacional;19 Melilla;Febrero;Mujeres;33
Total Nacional;19 Melilla;Marzo;Total;41
Total Nacional;19 Melilla;Marzo;Hombres;27
Total Nacional;19 Melilla;Marzo;Mujeres;14
Total Nacional;19 Melilla;Abril;Total;61
Total Nacional;19 Melilla;Abril;Hombres;29
Total Nacional;19 Melilla;Abril;Mujeres;32
Total Nacional;19 Melilla;Mayo;Total;44
Total Nacional;19 Melilla;Mayo;Hombres;22
Total Nacional;19 Melilla;Mayo;Mujeres;22
Total Nacional;19 Melilla;Junio;Total;42
Total Nacional;19 Melilla;Junio;Hombres;20
Total Nacional;19 Melilla;Junio;Mujeres;22
Total Nacional;19 Melilla;Julio;Total;45
Total Nacional;19 Melilla;Julio;Hombres;23
Total Nacional;19 Melilla;Julio;Mujeres;22
Total Nacional;19 Melilla;Agosto;Total;49
Total Nacional;19 Melilla;Agosto;Hombres;20
Total Nacional;19 Melilla;Agosto;Mujeres;29
Total Nacional;19 Melilla;Septiembre;Total;36
Total Nacional;19 Melilla;Septiembre;Hombres;13
Total Nacional;19 Melilla;Septiembre;Mujeres;23
Total Nacional;19 Melilla;Octubre;Total;53
Total Nacional;19 Melilla;Octubre;Hombres;26
Total Nacional;19 Melilla;Octubre;Mujeres;27
Total Nacional;19 Melilla;Noviembre;Total;42
Total Nacional;19 Melilla;Noviembre;Hombres;22
Total Nacional;19 Melilla;Noviembre;Mujeres;20
Total Nacional;19 Melilla;Diciembre;Total;53
Total Nacional;19 Melilla;Diciembre;Hombres;26
Total Nacional;19 Melilla;Diciembre;Mujeres;27
Extranjero;;Total;Total;1.417
Extranjero;;Total;Hombres;978
Extranjero;;Total;Mujeres;439
Extranjero;;Enero;Total;91
Extranjero;;Enero;Hombres;65
Extranjero;;Enero;Mujeres;26
Extranjero;;Febrero;Total;64
Extranjero;;Febrero;Hombres;48
Extranjero;;Febrero;Mujeres;16
Extranjero;;Marzo;Total;74
Extranjero;;Marzo;Hombres;57
Extranjero;;Marzo;Mujeres;17
Extranjero;;Abril;Total;75
Extranjero;;Abril;Hombres;53
Extranjero;;Abril;Mujeres;22
Extranjero;;Mayo;Total;78
Extranjero;;Mayo;Hombres;47
Extranjero;;Mayo;Mujeres;31
Extranjero;;Junio;Total;102
Extranjero;;Junio;Hombres;67
Extranjero;;Junio;Mujeres;35
Extranjero;;Julio;Total;112
Extranjero;;Julio;Hombres;69
Extranjero;;Julio;Mujeres;43
Extranjero;;Agosto;Total;172
Extranjero;;Agosto;Hombres;113
Extranjero;;Agosto;Mujeres;59
Extranjero;;Septiembre;Total;147
Extranjero;;Septiembre;Hombres;107
Extranjero;;Septiembre;Mujeres;40
Extranjero;;Octubre;Total;175
Extranjero;;Octubre;Hombres;117
Extranjero;;Octubre;Mujeres;58
Extranjero;;Noviembre;Total;170
Extranjero;;Noviembre;Hombres;130
Extranjero;;Noviembre;Mujeres;40
Extranjero;;Diciembre;Total;157
Extranjero;;Diciembre;Hombres;105
Extranjero;;Diciembre;Mujeres;52
